{"cameraMode":{"drawMode":0,"name":"Shaded","section":"Shading Mode"},"sceneLighting":true,"audioPlay":false,"sceneViewState":{"showFog":true,"showMaterialUpdate":false,"showSkybox":true,"showFlares":true,"showImageEffects":true,"showParticleSystems":true},"in2DMode":false,"pivot":{"x":-2.143155574798584,"y":1.8575546741485596,"z":-5.179659843444824},"rotation":{"x":0.009936302900314331,"y":0.4454505741596222,"z":-0.004947219509631395,"w":0.8952377438545227},"size":5.910778045654297,"orthographic":true}